dcs	sen	spe
0.6562927962241277	0.4884194967325606	1.0
0.6666548372949369	0.4999866920748724	1.0
